,Price
0,14436.327272727274
1,4226.0
2,12891.937552238805
3,10960.308149422019
4,3889.94258652605
5,10451.342220419761
6,11044.34008520465
7,5579.9745454545455
8,4708.93717989418
9,13953.069671681955
10,9168.971428571429
11,6534.975564776526
12,13774.05397990898
13,11975.6
14,10328.524915791982
15,15899.35
16,9160.749913419913
17,12480.071969696972
18,10019.812676556458
19,13738.4
20,12428.425265361515
21,8975.34538429308
22,11087.191410256411
23,12462.871428571429
24,4968.098720153095
25,6503.265571428572
26,4841.318515304
27,15233.001137566138
28,10352.40194753577
29,12831.057627118644
30,5566.897311827957
31,6984.394545454545
32,15221.680128205127
33,7791.3
34,4673.082828784119
35,3600.0
36,7800.540606060606
37,19602.6
38,10203.114150183152
39,8137.65225877193
40,4104.551355311355
41,10783.930282276204
42,2017.0
43,8985.933001461199
44,7154.609307359307
45,4754.0
46,17462.495000000003
47,3503.09508361204
48,12780.845714285713
49,9823.672778633796
50,12192.917947103331
51,7701.3
52,13995.608516594753
53,12602.154545454545
54,3597.0
55,7272.972573051948
56,6651.434611330698
57,8066.505233990148
58,5559.763158508158
59,8951.008460871637
60,11019.996071428572
61,12174.33752012291
62,4991.579761904761
63,6854.9324242424245
64,5456.485497835498
65,4295.473394091877
66,6261.218067360916
67,11358.972103310502
68,3943.0
69,7620.1291666666675
70,2754.0
71,12404.7875
72,11383.991666666665
73,6793.53162156684
74,4394.387705627706
75,4910.777777777778
76,3772.2
77,14335.681630559708
78,7371.325075757576
79,13980.117938160121
80,3676.9890162408674
81,8375.038464251058
82,6773.475454545454
83,4256.4071597667735
84,8560.1
85,7804.545901643018
86,3613.5237500000003
87,14105.975
88,3907.6
89,13695.709098076895
90,10080.578947368422
91,10068.4
92,5895.908461118902
93,9214.502354497356
94,3371.4507692307693
95,3100.0
96,10313.407714863728
97,15430.985551948053
98,2546.2
99,10648.086778416346
100,12124.6
101,11380.549423038752
102,10123.38787878788
103,9668.864795742233
104,4102.340610294117
105,13364.702883420101
106,2227.0
107,16596.4
108,9392.844444444443
109,9385.18495460829
110,15693.03388451619
111,13480.675791855203
112,3873.0
113,5725.696666666667
114,10070.9829627472
115,12292.232470968858
116,12569.42
117,5434.321111111111
118,18050.640294117646
119,9886.667377819549
120,12335.977617865796
121,10936.883626373627
122,4949.43541355555
123,7280.925073051947
124,5056.652164502164
125,12586.570833333335
126,4998.314701913708
127,5514.580246913581
128,6890.673229136007
129,4295.473394091877
130,13396.439999999999
131,5566.413158508158
132,6707.9634343434345
133,4841.318515304
134,5544.234632034631
135,10601.714939208006
136,12129.8
137,4411.1
138,5732.0
139,7231.952523301028
140,16150.8
141,13578.875352971407
142,15964.916428571427
143,10722.484565104498
144,7201.642142857143
145,7998.42862135093
146,3943.0
147,5789.298063219998
148,9442.100424254531
149,8765.381562333967
150,14466.965572908395
151,14206.945844155844
152,12693.438888888888
153,7253.293644480519
154,3874.7888888888892
155,3867.4
156,4365.8271798941805
157,4723.50901994631
158,9161.99822626419
159,2852.140075757576
160,7229.0
161,7511.197856598017
162,4947.217536231884
163,3767.3518835616437
164,4017.0666666666666
165,6345.394363106743
166,10888.441709201079
167,4008.1882352941175
168,6887.2626501140985
169,6328.231467137672
170,12386.951190476191
171,13347.610248040251
172,6394.025
173,4193.946359683794
174,11374.619649122807
175,4120.518021978021
176,5043.676358050552
177,13744.713
178,7171.918951769056
179,9136.243985373894
180,8911.916122786715
181,3257.1
182,3900.746153846154
183,16762.25
184,14378.848611111109
185,10405.466648351648
186,13297.923149775821
187,13135.657627118644
188,6351.171645021645
189,3841.0
190,10630.380606526738
191,11445.969621537883
192,2237.8
193,8532.794695366134
194,11142.713091284824
195,4226.3354022988515
196,11276.834668593103
197,8704.807370261613
198,7253.293644480519
199,6230.99336996337
200,12717.237552238807
201,13941.618867924528
202,10604.884826839829
203,3597.0
204,7347.68663455014
205,3578.2
206,7180.5036666666665
207,13205.221710683818
208,14850.1
209,9280.46689326232
210,5917.546309523809
211,11784.620404984424
212,12926.118601607774
213,5697.4984848484855
214,23525.566666666666
215,9410.325563909775
216,10798.891666666666
217,12635.47146154304
218,13255.847340369215
219,19595.0
220,4565.264527639478
221,6653.037160061193
222,10918.4
223,3646.135294117647
224,4837.771103896104
225,9757.490639663716
226,4223.185149081854
227,2765.7
228,5917.187474120083
229,13582.15330753471
230,11483.475
231,10298.877077533576
232,5836.025
233,28318.0
234,4172.210087001953
235,7541.315479115479
236,18814.0
237,4682.881227513228
238,10099.259420143168
239,7312.281400133788
240,13016.319354156756
241,11624.569525957782
242,13608.924638528139
243,4933.955555555555
244,16517.0
245,15025.728591994222
246,10698.186759433625
247,5326.887623962762
248,11085.320498463198
249,7648.84978297405
250,17936.16
251,10701.519706081648
252,8989.730910742675
253,8337.6
254,8045.242827380952
255,10973.459880423257
256,9705.544768384376
257,6288.360722425723
258,14107.264548454516
259,11331.0
260,13761.868068366364
261,3427.725
262,4899.900869565217
263,15117.194444209343
264,6176.512222222223
265,6443.9
266,15035.32130454483
267,3943.0
268,13881.9906535941
269,12670.603662216392
270,14995.441988848746
271,12147.50602685182
272,4696.285582177386
273,7269.385482683935
274,8648.178848658708
275,3647.0
276,9778.281494876432
277,10384.129333333334
278,10795.97208206515
279,7319.292564102563
280,6831.0111452544415
281,14734.427272727273
282,22801.1
283,8817.228110364465
284,9585.312870370371
285,4243.856235294117
286,6419.115324675325
287,7478.187474120083
288,5525.091666666666
289,9717.476971710721
290,14985.0
291,12061.94595960627
292,11774.886291946823
293,8960.420423919279
294,13205.221710683818
295,12525.874570350334
296,11082.275964025212
297,14455.631891266628
298,12729.471057857949
299,11838.593004694836
300,5239.042494172494
301,4896.571021172002
302,7212.266666666667
303,10310.678796768956
304,10902.872229465449
305,7774.79915945105
306,12882.132008213172
307,2234.05
308,8695.885833333334
309,4869.939215686275
310,4847.47733253388
311,9396.070518727716
312,12711.545582076706
313,10544.099096417282
314,11049.95
315,10561.22057611396
316,7584.419621918192
317,10860.357433306805
318,10296.298760512756
319,8996.0
320,12145.531258741259
321,4744.937777777777
322,6347.589839418194
323,10294.726947535772
324,13169.91320995671
325,3681.8996682856437
326,10283.83497920998
327,11826.463636363636
328,7664.56517035837
329,12152.217818099456
330,7229.0
331,5479.76203714656
332,2923.0714285714284
333,3865.826102941176
334,6076.630606060606
335,4544.0
336,12981.982599681021
337,9011.353864080835
338,7858.5
339,12433.879222170894
340,4424.602375867427
341,12258.613109243817
342,14812.577627474824
343,3100.0
344,12713.701494021852
345,4569.217830779977
346,10587.40698644046
347,4742.16
348,9378.50197626419
349,15286.424272349273
350,13883.714921733213
351,8973.178347416546
352,9385.18495460829
353,13353.964285714284
354,10439.01958696476
355,6985.531528498647
356,25042.0
357,10897.525934065936
358,5775.902460453895
359,9359.803370620755
360,4924.93541355555
361,5182.326666666667
362,2428.1859090909093
363,12528.613636363636
364,8590.019297584391
365,8867.153898601398
366,6941.864120670996
367,11602.808838545903
368,7253.293644480519
369,10638.6
370,4256.749681204852
371,6410.84
372,3492.1800000000003
373,4387.636762192056
374,9862.188636363637
375,7514.9
376,11134.117213476806
377,13543.230771188591
378,6541.339289693271
379,6887.2626501140985
380,5566.5
381,13612.767716727718
382,13033.957627118643
383,4997.130392156863
384,4834.035294117647
385,13674.11255656109
386,6281.8
387,3860.9333333333334
388,4883.318515304
389,13790.8
390,10790.221184210528
391,10560.435832894094
392,3738.9890162408674
393,6042.822222222222
394,13266.725
395,6843.170555555555
396,7776.576443671508
397,6007.854761904762
398,25042.0
399,4493.205812675853
400,10011.788416289593
401,4365.288669590644
402,13297.923149775821
403,4318.838068857682
404,9323.115582346385
405,10483.537772531152
406,4819.1339723357205
407,8349.123381180223
408,16514.479772727274
409,8836.56034071347
410,9276.495884894626
411,3955.6
412,13068.6889659232
413,14047.524927946095
414,10844.271837094038
415,4691.879336349925
416,12975.828754210133
417,10511.649020694753
418,12231.190769230769
419,7646.747942737051
420,15711.035251312042
421,3480.0
422,6556.147703238949
423,14434.242052313883
424,15779.291375661376
425,3531.775
426,6853.5
427,4519.91314484127
428,6416.512565462344
429,13417.304684922176
430,13838.9
431,10306.641048197062
432,5941.471428571428
433,3676.4238512921793
434,4456.03487312879
435,9027.992916666666
436,4326.95
437,10895.350065876153
438,9987.303404525806
439,9349.22693397897
440,12165.0125
441,12612.6
442,13073.72821080183
443,3597.0
444,8456.406370549725
445,8430.415502948837
446,13335.554682825983
447,3873.0
448,15634.386192208496
449,14986.753694615054
450,7150.266666666667
451,14191.496392755787
452,5906.053242835596
453,8944.494499479164
454,15896.924415954414
455,10084.186165731115
456,3622.9349975967316
457,14249.84810996742
458,7458.699772871648
459,10646.779978770222
460,16037.7
461,13327.204215089843
462,13511.372865673282
463,10757.636666666667
464,5807.890366457215
465,13020.01144736842
466,8428.301591204789
467,9564.0
468,5820.798063219998
469,9560.361904761905
470,9116.97276565743
471,9623.804695562436
472,4480.984523809524
473,14070.95511904762
474,15582.418620564455
475,6416.512565462344
476,4994.93541355555
477,4618.311227513228
478,7064.0
479,12962.209450177505
480,8442.107975207695
481,13285.641919191921
482,6432.688541666666
483,13546.575883155883
484,12741.391666666666
485,19055.5
486,14260.554788970496
487,6794.079851656102
488,12118.784825700615
489,12075.89357607003
490,7617.737178249679
491,12291.292058048884
492,11262.2
493,10878.967848970253
494,3638.838888888889
495,4024.856773088023
496,15362.070937753571
497,10737.386827094475
498,7278.845641025642
499,10538.885553243093
500,5561.126262626263
501,14423.28172889689
502,7774.79915945105
503,11703.377454520863
504,3847.713288477712
505,9561.364036069652
506,10495.894594594594
507,10626.179861111112
508,4386.062196405901
509,7774.839272727273
510,8947.339615384615
511,8601.951515151515
512,4376.55367965368
513,3433.0
514,16017.416428571427
515,9102.25
516,7029.059523809524
517,9188.800870114439
518,4868.93541355555
519,3870.646153846154
520,6293.460185185185
521,13047.104667283182
522,6758.692307692308
523,15089.521988848748
524,13201.02780521991
525,10549.921779160382
526,2314.0
527,8594.360909090909
528,7874.356829004329
529,2064.4
530,6605.221361659383
531,14596.765454396858
532,6764.3682868418155
533,10693.801645021647
534,4663.879336349925
535,10281.107241209782
536,10781.491666666667
537,13330.908765773042
538,4207.889944459565
539,7500.183333333334
540,5849.40345662776
541,4376.070746753247
542,8435.765024830242
543,2227.0
544,16201.425
545,14331.598611111112
546,4825.818764861287
547,8779.247022826741
548,10587.805952380953
549,4283.484219276094
550,7807.930787337662
551,9848.826031746032
552,4853.271875
553,8034.5510101010095
554,12230.840716270051
555,7450.6866666666665
556,2248.0
557,2615.4666666666662
558,4445.205812675853
559,4055.6
560,12352.2875
561,8865.76935538353
562,6893.9707781556135
563,13003.859074580392
564,7373.747142857142
565,8725.374242424243
566,13572.054906128315
567,7229.0
568,7680.140151515152
569,8304.8
570,15134.872666567471
571,7028.909880719717
572,8428.301591204789
573,13864.45
574,13441.84002326457
575,8246.317328617743
576,11727.697131678962
577,11428.988725490195
578,8896.8
579,8194.29761904762
580,5625.0
581,11870.478565505804
582,14440.643066514534
583,10664.694166666666
584,6630.8534690887955
585,12899.766666666666
586,7588.85303030303
587,3461.2
588,7046.4
589,5128.038259734093
590,5534.552032520325
591,9489.783392312302
592,5836.025
593,9422.617425770308
594,8636.81090909091
595,8112.860610889064
596,12889.989552238807
597,6541.598454551118
598,6915.662650114098
599,9360.538131313131
600,9116.97276565743
601,9205.068180309685
602,12267.58
603,4844.538259734093
604,6385.926412835249
605,16042.890267470624
606,7807.174226327968
607,14414.544898842703
608,6104.953830444917
609,8488.897746697747
610,10026.681587301588
611,5422.525000000001
612,14872.331520755459
613,14211.42596711028
614,5341.92
615,4226.0
616,6594.144463245664
617,5705.271428571428
618,13204.626077034312
619,13411.465467683845
620,13834.022222222222
621,6490.1255647765265
622,12734.069552238807
623,5863.69022005772
624,26890.0
625,12475.736736596737
626,8936.813087275044
627,2765.7
628,8904.954676351897
629,2269.0
630,3903.7888888888892
631,5199.542494172494
632,13694.807297297299
633,14472.78125
634,8371.097533494754
635,12989.776333333331
636,4839.60416355555
637,16762.25
638,7260.6994073978985
639,6558.544373219373
640,14124.07088989442
641,6560.9168951581405
642,7976.639999999999
643,4320.4
644,12986.23477124183
645,11814.560941896269
646,3623.2
647,16846.0
648,9919.311898297781
649,6178.05
650,8823.828334351918
651,12134.085000000001
652,6866.821885508293
653,4226.0
654,4057.694383561643
655,10737.574419742277
656,4367.476044841215
657,13367.682063492064
658,8730.311368062818
659,6472.396134886241
660,9993.082985647867
661,4825.715413555551
662,16841.0
663,5869.034404761905
664,11183.680930587338
665,4353.631124183006
666,7807.0012065894025
667,8768.1
668,7253.591300366299
669,3934.129884736114
670,12557.994
671,5942.860236122615
672,6678.009523809524
673,8384.791837606837
674,10058.22157453119
675,13324.041465145947
676,6840.385833333334
677,11554.5
678,4784.7639849841225
679,8898.299242424242
680,9905.076001535701
681,8035.798458866712
682,5289.7
683,11123.870350877192
684,4838.761285552617
685,7774.79915945105
686,8035.1
687,5661.678543123543
688,7624.5154482758635
689,8053.110657421674
690,4952.93541355555
691,17583.345
692,6714.593333333333
693,3967.5
694,10083.899897660816
695,11304.4375
696,5990.138379645815
697,8826.604438866882
698,12914.964473304473
699,5736.394363106743
700,10478.202886002884
701,5351.295827505828
702,7739.6591493486485
703,9273.207657775662
704,7859.551014492754
705,8522.228149736362
706,10552.137970567444
707,7267.574470692281
708,6317.554965404965
709,29084.4
710,14782.315669432868
711,4705.8
712,10352.40194753577
713,14877.6
714,8855.733333333334
715,4211.715163018433
716,12697.207407343723
717,11377.667416344917
718,10795.97208206515
719,14044.647597254003
720,8128.747272727272
721,6153.48995477825
722,9911.799401927688
723,7873.041785714287
724,13208.867175268237
725,10717.59148638468
726,4847.47733253388
727,10951.594594594595
728,6104.953830444917
729,10232.2
730,4696.285582177386
731,8648.178848658708
732,3708.9
733,6324.271149677354
734,12970.231298701297
735,12404.7875
736,9763.944400204087
737,9881.832156862745
738,3841.1333333333328
739,3667.388888888889
740,10877.65612180826
741,14972.106227232536
742,14241.239776634091
743,13642.15189543735
744,6950.06162467886
745,7250.417573411143
746,5551.215111639415
747,26081.5
748,12186.272892648683
749,4359.759464374133
750,10555.211086408945
751,6447.822666472445
752,8121.0
753,13371.032234562497
754,7148.697142857143
755,8646.234319202642
756,12966.63547228021
757,7271.351226169398
758,6772.8
759,3791.9634867306604
760,8175.071428571429
761,15600.370187306535
762,5386.475
763,6909.999462606359
764,4677.716341991342
765,10017.818078231292
766,8671.686666666666
767,3830.061778445242
768,10596.937772531153
769,3100.0
770,8593.203037216392
771,8378.801785714286
772,11656.723261947162
773,4870.650759734093
774,13286.604007619453
775,4097.8899444595645
776,13435.678684210527
777,3888.5
778,13561.192949543029
779,4728.860308295972
780,12648.130843713861
781,7825.708333333334
782,10405.13676923077
783,7174.976808785531
784,8742.638095238095
785,14477.512297297299
786,14343.821153846153
787,6094.97049689441
788,12895.8
789,13375.530125581125
790,15750.631190476191
791,7253.293644480519
792,4271.6587341848435
793,13986.844201539527
794,10596.937772531153
795,6230.957662835249
796,13411.465467683845
797,2743.546428571429
798,6677.9
799,4838.761285552617
800,6391.353571428572
801,15558.99399267399
802,8847.604438866882
803,10331.284860730284
804,9986.778489961825
805,13638.575352971407
806,17198.0
807,3679.6
808,8558.701785714286
809,11134.117213476806
810,10324.91004497751
811,10907.509565104498
812,7743.003997647125
813,8130.513333333333
814,7739.6591493486485
815,9980.950106441476
816,7143.140606060607
817,10400.24103896104
818,5128.488461538462
819,11851.054817402624
820,8398.9957370328
821,6468.455999805779
822,14035.325679957989
823,13969.524927946095
824,10828.9625
825,6985.531528498647
826,3856.966666666667
827,4256.307988686471
828,4552.285392156862
829,11643.284114832535
830,9170.473555211558
831,14042.06666666667
832,12891.937552238805
833,12146.292947103331
834,13582.15330753471
835,11015.755123678762
836,3235.272006688963
837,8436.382746697747
838,10495.894594594594
839,9714.403886854503
840,7229.0
841,3908.7333333333336
842,4838.761285552617
843,4152.047023809524
844,13621.29431174089
845,12333.493990755007
846,6978.780000000001
847,6207.0
848,8897.315783954959
849,5652.894285714286
850,9093.6
851,10531.901457564281
852,8358.415502948837
853,5529.787870479893
854,6435.871134886241
855,4696.285582177386
856,12674.60495283019
857,5150.8725490196075
858,4849.859803799453
859,4601.782096869387
860,12624.953815235882
861,10768.617657074301
862,12201.798892464467
863,13007.32
864,9027.823545619523
865,11455.7875
866,3644.3983516483518
867,15372.455897435899
868,8634.772277185968
869,4212.2
870,7106.807142857142
871,11580.0
872,14676.67745852187
873,11775.977521214396
874,3828.9304960317468
875,17258.433333333334
876,9211.977625171317
877,14746.26164021164
878,3873.0
879,8374.434319202643
880,19834.0
881,3942.7909561646857
882,4325.594395604396
883,7253.293644480519
884,15466.601842515476
885,7615.486999999999
886,6576.365403416605
887,4948.2
888,11932.247117572693
889,9009.532973819953
890,4063.299170996693
891,4037.409133089133
892,7065.808008594215
893,4822.087413555551
894,3971.2666337285896
895,8800.381626285362
896,10500.138831835688
897,7096.016666666667
898,6389.671699346405
899,10377.71442431099
900,3944.939016240868
901,8703.175
902,10749.435416055469
903,15025.728591994222
904,10437.999860730286
905,9718.048095238095
906,4273.735402298851
907,4643.005297939068
908,3423.9507692307693
909,6007.854761904762
910,18503.538376068376
911,12861.3925
912,6524.560722425724
913,3887.846666666666
914,8189.986688311689
915,15513.61013028023
916,10068.839845768267
917,10322.546527931421
918,3581.5
919,10049.991971236605
920,7356.116666666666
921,14281.426598647895
922,4359.759464374133
923,6091.958333333334
924,8833.910894660894
925,13068.041111111112
926,9396.282692307692
927,14714.0
928,5140.666666666667
929,14863.806373299061
930,5472.898244147158
931,14579.594444209342
932,3600.488888888889
933,7220.092307692308
934,9995.66396011396
935,8304.659902597403
936,4679.029134199134
937,12978.201879680604
938,6382.220260693597
939,9682.742911646015
940,10513.921260388695
941,4069.4623495742007
942,3574.6
943,15467.921988848748
944,5541.710476190476
945,6102.209522413071
946,4362.212840153575
947,11547.440305308726
948,10915.216583416583
949,4692.713043478261
950,13667.799357142856
951,4335.4
952,6653.037160061193
953,14282.809248460457
954,26758.6
955,3647.0
956,7916.717321566061
957,4919.590093021015
958,10679.1
959,12378.542857142858
960,14366.828640101445
961,11672.003682415447
962,7593.414001623377
963,13835.037855296523
964,5558.28024691358
965,12573.30241750707
966,15496.114285714284
967,4509.2839453539855
968,15651.7
969,7929.032000000001
970,5086.486246867169
971,9792.789401927688
972,4560.160855024121
973,3152.5
974,12147.50602685182
975,8440.751162216391
976,3205.9
977,14838.69927390758
978,7309.516666666667
979,14046.540714683471
980,14065.113903618218
981,4924.93541355555
982,7777.32618995048
983,9924.468076923076
984,4662.0599999999995
985,7119.548212898214
986,4552.014736098389
987,10934.0
988,12786.70082925772
989,3766.605682907534
990,7937.3
991,5351.103242835596
992,10893.457856598015
993,3893.135402298851
994,14532.92749722701
995,5547.7725
996,3740.1382051282053
997,7198.626363636364
998,5570.550588235294
999,11829.997904984422
1000,4256.307988686471
1001,13645.042219528794
1002,4044.219996047431
1003,5615.660454545455
1004,17261.0
1005,11894.345
1006,10263.517699029137
1007,14247.08882872235
1008,8225.402827380953
1009,4162.277929719132
1010,7896.040043290044
1011,14863.806373299061
1012,8231.226413373723
1013,8982.105
1014,8068.785119047619
1015,13943.610067562124
1016,9547.195939849624
1017,11117.137055702817
1018,5182.3991194626005
1019,7064.0
1020,7193.050579004329
1021,3985.666666666667
1022,14605.48741780025
1023,9496.847643097643
1024,5133.546666666667
1025,10663.60380952381
1026,6156.571875
1027,4935.8
1028,5819.970744147157
1029,7229.0
1030,4643.958823529412
1031,9861.250663143559
1032,11928.607025957781
1033,8456.406370549725
1034,15126.930901592252
1035,10306.73882744846
1036,7792.557333333333
1037,12415.745277986403
1038,5019.713043478261
1039,15669.687439353098
1040,4407.668555283224
1041,10324.91004497751
1042,15415.306869937627
1043,8005.519959588213
1044,5652.894285714286
1045,4326.512196405902
1046,4983.177859808444
1047,6470.57244344777
1048,6794.079851656102
1049,1965.0
1050,5306.46203714656
1051,1975.4
1052,6169.2
1053,1857.0
1054,12402.933333333334
1055,4601.782096869387
1056,12558.847457234562
1057,15794.661058518654
1058,13360.148702891043
1059,8751.68
1060,6048.29865079365
1061,3366.8
1062,10229.925819890059
1063,14342.879102564102
1064,15870.681775301873
1065,4696.285582177386
1066,6920.539999999999
1067,5362.084615384616
1068,7425.857627118644
1069,4661.382338711395
1070,9240.712103925485
1071,9243.815114080833
1072,8251.586688311689
1073,7404.30919011544
1074,7083.44546412826
1075,7064.0
1076,7662.372
1077,10260.176852559205
1078,3997.3015384615383
1079,14734.427272727273
1080,16104.954545454544
1081,4692.713043478261
1082,10442.476643356644
1083,14709.218867924526
1084,7622.5
1085,12842.032258297257
1086,12374.601534626923
1087,16812.436363636363
1088,10955.61268329554
1089,12602.515020706245
1090,13946.265012191352
1091,15078.892772893774
1092,4336.805943627451
1093,13709.1
1094,9381.394103194103
1095,9303.788636363637
1096,8016.0
1097,6537.236594202898
1098,6492.698202922695
1099,4162.850825204933
1100,12506.344525957782
1101,8817.892857142859
1102,5626.5
1103,3841.4571428571426
1104,6884.447142857143
1105,10765.496003633776
1106,8076.406217506633
1107,19225.0
1108,13595.65228764072
1109,6024.353203463203
1110,9196.05
1111,5617.233554778555
1112,4849.859803799453
1113,7051.743195165314
1114,8760.271280193238
1115,10525.6
1116,6195.005032679738
1117,7914.077646671317
1118,10631.474693422519
1119,5879.9
1120,19293.9975
1121,4429.73945768914
1122,13165.515728715729
1123,6689.349196428571
1124,4740.20901994631
1125,13434.968444027332
1126,3890.71282051282
1127,13795.118175350693
1128,5641.887696440076
1129,4643.958823529412
1130,12479.101878738029
1131,7739.041558441559
1132,6918.2
1133,9908.450527931422
1134,5658.5
1135,8343.140061025302
1136,6780.76032290173
1137,8728.680133863347
1138,6460.863636363637
1139,3100.0
1140,14246.1
1141,11771.069565217393
1142,6731.0
1143,10368.267332151156
1144,3187.1400000000003
1145,6386.15
1146,3293.4571428571426
1147,2647.0
1148,17289.0
1149,14464.23957156309
1150,4839.60416355555
1151,5603.681818181818
1152,3925.646153846154
1153,9521.275512820514
1154,13796.935882352269
1155,2206.2
1156,14241.355246636402
1157,2312.7
1158,14185.146551460963
1159,4122.7571336330975
1160,4919.0
1161,4819.1339723357205
1162,12918.026174879838
1163,25313.8
1164,8176.799545454545
1165,4879.860869565217
1166,8390.109182466618
1167,25735.0
1168,3108.9507692307693
1169,3594.3352941176468
1170,4879.860869565217
1171,4836.391511116527
1172,13283.200218540267
1173,9418.489182692309
1174,12218.085000000001
1175,12340.760455962689
1176,7914.077646671317
1177,11982.0
1178,6252.866666666667
1179,14000.024743589742
1180,15126.346380090497
1181,8932.763529971691
1182,9617.587969924813
1183,7543.9
1184,12418.333563325628
1185,12826.168968253969
1186,9597.853864080835
1187,3597.0
1188,3550.9
1189,5734.796428571428
1190,12353.74944465307
1191,15118.90471168262
1192,4368.089110442403
1193,6126.461001221001
1194,9776.260203906504
1195,4188.6
1196,9150.578915679718
1197,13634.030825958078
1198,4454.520394882541
1199,2198.7200000000003
1200,13843.166666666668
1201,7064.0
1202,6665.659809864044
1203,11074.425365650719
1204,11965.454428763442
1205,13162.6543287635
1206,9517.464475234909
1207,12899.940017550685
1208,4919.590093021015
1209,14106.10433006159
1210,4714.600116268635
1211,9350.42
1212,3108.9507692307693
1213,8815.74221664466
1214,13248.301999252002
1215,6380.9
1216,10812.018332537027
1217,4226.0
1218,11630.621553030303
1219,7630.396103896104
1220,9620.203370620755
1221,6921.750035159872
1222,3887.846666666666
1223,10379.593882424762
1224,11479.482756372086
1225,10421.603145446406
1226,5461.701675485009
1227,10449.109027931421
1228,11479.482756372086
1229,14700.83454850906
1230,12476.903531794294
1231,16621.286363636365
1232,3906.682142857143
1233,13201.02780521991
1234,14109.142458521872
1235,10006.91299602582
1236,13789.885067562125
1237,14714.0
1238,8287.689549631656
1239,13594.6
1240,7690.258541666667
1241,10205.848865098866
1242,6066.470588235294
1243,12263.290440083514
1244,9958.7
1245,8704.807370261613
1246,9359.803370620755
1247,3888.4
1248,4380.830231729055
1249,7814.700244933299
1250,11364.464178417185
1251,10466.183412698414
1252,13459.5
1253,9564.0
1254,12107.718286163523
1255,8189.08
1256,12899.948
1257,14798.944642857143
1258,4643.958823529412
1259,5594.621332556333
1260,9482.607336546402
1261,12166.09862138893
1262,13926.889876733436
1263,10420.731302087315
1264,7229.0
1265,12198.033333333333
1266,15104.478591994222
1267,9905.307391621662
1268,12094.555257712233
1269,13805.293867924527
1270,13646.399163020968
1271,14944.61
1272,10326.123442833075
1273,9826.753988535005
1274,6823.099310282106
1275,10795.272030056663
1276,13303.432692307693
1277,6077.888571428572
1278,7830.929058441559
1279,15528.208887330717
1280,7304.4
1281,12657.05076923077
1282,6462.6663461538465
1283,4852.229578235544
1284,8128.573166666667
1285,6641.525400573684
1286,3660.2
1287,17423.75
1288,11527.2
1289,6822.68761904762
1290,12186.4131826742
1291,1965.0
1292,12891.937552238805
1293,10483.537772531152
1294,15143.427272727273
1295,6566.005513374647
1296,10287.163978494624
1297,15095.392670666926
1298,5080.89953102453
1299,10049.805
1300,2335.0
1301,14037.863195744076
1302,9812.48762066365
1303,9345.227221633857
1304,12106.707627118643
1305,14838.69927390758
1306,6307.062142857142
1307,13632.59664835165
1308,8409.388563775407
1309,10421.546074660633
1310,10677.258850931677
1311,9473.015939849623
1312,12258.613109243817
1313,10766.698116915764
1314,9075.3
1315,4703.285582177386
1316,3631.5333333333338
1317,13596.285854700856
1318,13943.610067562124
1319,8865.76935538353
1320,7931.741283034954
1321,4870.802593021015
1322,6534.975564776526
1323,4611.217830779977
1324,4998.314701913708
1325,13356.777474607268
1326,3943.0
1327,14136.036363636365
1328,6806.289311263912
1329,5187.92
1330,5077.00230772171
1331,13980.117938160121
1332,10331.672898420646
1333,5291.5
1334,10773.060305044055
1335,12189.595867864507
1336,10064.433872679045
1337,12964.74103059103
1338,14440.643066514534
1339,11506.137375065207
1340,8320.382145782147
1341,11163.713091284824
1342,13737.216525200836
1343,5705.271428571428
1344,5879.9
1345,10023.767973055194
1346,14074.731740196079
1347,17123.316919191922
1348,12465.665462474262
1349,13297.433670807866
1350,10364.315769230769
1351,16353.686363636365
1352,10686.415430148947
1353,6517.603456627759
1354,10105.89971659919
1355,10585.473940337959
1356,3584.304761904762
1357,6525.691170374819
1358,4499.479166666666
1359,6778.699462606359
1360,10452.476324786325
1361,3733.262676092024
1362,13207.062034838978
1363,7605.184226190477
1364,13980.117938160121
1365,12290.5
1366,3065.8
1367,12139.175245520246
1368,8960.989933863517
1369,13580.84816041122
1370,12799.637142857142
1371,7064.0
1372,4442.5199396681755
1373,9792.993882424762
1374,7124.559523809524
1375,11028.659437728937
1376,13491.454920848457
1377,13449.367804627804
1378,8830.355183150183
1379,10443.048731500294
1380,13429.484031583346
1381,12583.234666666667
1382,4622.8226712829655
1383,5806.916666666666
1384,11916.445833333335
1385,5993.777777777778
1386,6398.526536796536
1387,8731.454534293907
1388,4052.4
1389,13902.682037052873
1390,4883.318515304
1391,4044.944286410875
1392,8479.545735294118
1393,6260.9
1394,13638.779763864728
1395,7334.717017496392
1396,7450.53734621238
1397,6635.124780462802
1398,3433.0
1399,8123.7
1400,7057.05
1401,2012.2
1402,4819.1339723357205
1403,7616.065233990148
1404,10765.114782317385
1405,4462.9
1406,5762.402282608696
1407,3019.925
1408,15792.465452991451
1409,3710.7047619047617
1410,13219.396931296538
1411,4067.5
1412,11712.97607142857
1413,7229.0
1414,7822.642827380952
1415,11309.02608970542
1416,16609.886363636364
1417,20116.3
1418,26890.0
1419,10750.478201468135
1420,14771.207792207791
1421,10913.183490229314
1422,11134.117213476806
1423,4604.023444557362
1424,10545.220510133535
1425,8156.9439442223975
1426,15630.03388451619
1427,3100.0
1428,5439.35737704918
1429,4723.50901994631
1430,10157.42977569816
1431,10880.165213476806
1432,11996.985
1433,12666.532741158213
1434,13422.464550127052
1435,8937.075757575756
1436,14006.867987410742
1437,5432.2
1438,5275.502083333333
1439,8876.899581105168
1440,6112.7266666666665
1441,3845.4
1442,13615.6
1443,13518.00503065963
1444,3579.2275112443776
1445,5790.1
1446,4429.73945768914
1447,5160.45
1448,7305.854285714287
1449,14124.43882872235
1450,6603.417668611955
1451,11249.40057449495
1452,4838.761285552617
1453,3679.6
1454,14317.08125
1455,6573.352231443193
1456,13632.506714285715
1457,11361.393824504183
1458,13454.74614431333
1459,10736.796702514786
1460,10615.236071428571
1461,16708.07
1462,10387.092239504242
1463,6541.598454551118
1464,4032.482649257562
1465,5219.328571428571
1466,4374.980451738721
1467,4746.310685926977
1468,12200.15145084415
1469,12899.972597254005
1470,16536.925
1471,10858.599102564101
1472,10370.734259149258
1473,9117.94742445055
1474,12864.77
1475,4111.751515151515
1476,4387.210373303167
1477,4383.067304738563
1478,11215.718038703679
1479,12089.016338206768
1480,8893.319590983283
1481,5607.443809523809
1482,13693.838040202807
1483,13496.123043927826
1484,10495.06208206515
1485,4358.454412037037
1486,3873.0
1487,7219.626363636364
1488,10283.83497920998
1489,7893.1395506286235
1490,15921.92841780025
1491,7135.45
1492,8690.883333333333
1493,5951.650838135141
1494,13161.831836734695
1495,2809.775
1496,10027.606904816897
1497,8757.258823529413
1498,15011.069381467907
1499,9518.501904735745
1500,31147.7
1501,13072.36772316624
1502,4094.6606370081586
1503,13135.50777777778
1504,10736.796702514786
1505,14440.554304912826
1506,4300.834464374133
1507,10241.985525669368
1508,16841.0
1509,4178.327929719132
1510,6689.221361659383
1511,13430.233725274727
1512,10946.133626373627
1513,7820.353415656085
1514,4553.34
1515,15143.427272727273
1516,15268.131418795636
1517,10506.841047041624
1518,9500.82
1519,4125.8
1520,4714.600116268635
1521,3958.555161581713
1522,3925.646153846154
1523,5068.487619047619
1524,12173.478947368421
1525,12608.465462474263
1526,3761.6
1527,17169.495000000003
1528,3943.0
1529,10281.384615384615
1530,4374.470548793518
1531,4477.883333333333
1532,9935.040887434934
1533,4057.694383561643
1534,6403.133406436743
1535,4714.600116268635
1536,13286.674473684212
1537,10973.459880423257
1538,9195.83980392157
1539,13726.5
1540,8068.5
1541,5885.743203463202
1542,10938.662065087312
1543,5184.058333333333
1544,6329.981038961038
1545,13594.690015773042
1546,9349.22693397897
1547,13353.964285714284
1548,7901.121785714286
1549,6611.2864282777855
1550,13453.194736842106
1551,6328.62
1552,6906.410567765566
1553,10189.785301250475
1554,12002.591605363174
1555,13481.220000000001
1556,19042.8
1557,13705.810173160173
1558,15206.869197860962
1559,14340.900556981229
1560,14861.834173134575
1561,14559.732941176471
1562,4825.818764861287
1563,9460.657651192843
1564,8129.0015912047875
1565,8078.665304938028
1566,5705.271428571428
1567,9206.261033138402
1568,7368.236666666667
1569,10095.826031746032
1570,13763.01968376477
1571,3955.6
1572,1991.2
1573,11904.10701754386
1574,7977.332142857142
1575,6844.558541666667
1576,6010.353830444917
1577,10986.514188034187
1578,6125.618372471518
1579,12396.163181828491
1580,4681.997023809524
1581,13766.769442721215
1582,13243.006735218107
1583,10478.641047041623
1584,12953.148901487031
1585,13416.221269841271
1586,13749.808156318084
1587,4389.480943627451
1588,2521.0
1589,3761.1549019607846
1590,6468.661666666666
1591,6906.2
1592,14059.225893626513
1593,18473.517663937262
1594,3999.0290162408673
1595,10288.526468571681
1596,8945.686666666666
1597,10316.148865098865
1598,13320.869563492064
1599,10016.416541996015
1600,3841.4571428571426
1601,4454.520394882541
1602,14971.524567806506
1603,13280.630953368058
1604,7486.578030303031
1605,9436.884550438595
1606,6056.062490118577
1607,6833.334186097428
1608,9735.26855774055
1609,10994.78092948718
1610,10876.099102564101
1611,4304.713043478261
1612,7402.2
1613,3841.1333333333328
1614,9351.683333333332
1615,2261.8
1616,5080.0
1617,5950.7
1618,5250.242494172495
1619,7374.012339999182
1620,9940.653356251592
1621,7145.469999999999
1622,32592.1
1623,13243.006735218107
1624,2647.0
1625,3737.858888888889
1626,9260.50157557355
1627,6703.3
1628,12674.295454545454
1629,12498.0558737646
1630,10341.944666411533
1631,12803.019595959597
1632,14893.833333333332
1633,13165.515728715729
1634,11954.204551721818
1635,7945.577646671317
1636,12383.078947368422
1637,10201.160768155005
1638,4462.476012918857
1639,11039.339341212148
1640,24092.7
1641,4852.229578235544
1642,4950.655555555555
1643,15325.972670666928
1644,3685.888888888889
1645,15669.687439353098
1646,5273.4
1647,3891.8
1648,10052.23717948718
1649,10257.831213675214
1650,4516.55
1651,4602.055154257247
1652,10304.832367270139
1653,4847.47733253388
1654,7229.0
1655,13721.152023450364
1656,5609.533333333333
1657,3841.0
1658,14692.5
1659,13275.298916048709
1660,6173.640571428572
1661,13470.735338345865
1662,13157.120995115994
1663,4489.348998917749
1664,10295.215896360134
1665,8579.360612973967
1666,3943.0
1667,6648.902110389611
1668,13817.456767978645
1669,16045.812803030305
1670,4168.198095238095
1671,5641.301029773409
1672,11838.806045003814
1673,10844.831138768912
1674,4849.859803799453
1675,12115.355257712234
1676,14771.583636363637
1677,10760.775265038645
1678,10943.608626373627
1679,6273.853888888889
1680,5419.885802469136
1681,4359.759464374133
1682,12822.484285714285
1683,14447.896007691004
1684,8877.131283732371
1685,9360.538131313131
1686,14343.821153846153
1687,5448.766666666666
1688,7302.608287337663
1689,11349.936746031746
1690,13092.5
1691,4454.00183438636
1692,13698.774534909535
1693,9980.1
1694,12290.28857142857
1695,6400.645966823216
1696,2017.0
1697,4908.774021592443
1698,16086.682843137256
1699,4236.013957443521
1700,14706.661742424243
1701,7129.854761904763
1702,4359.210826379528
1703,13356.777474607268
1704,6950.06162467886
1705,3321.4125
1706,13570.258156318083
1707,13491.230771188591
1708,13210.13689076689
1709,9560.881772790108
1710,10150.704234845372
1711,9205.068180309685
1712,15533.943772893772
1713,6314.8
1714,7272.972573051948
1715,13552.415227503861
1716,8788.51166768525
1717,2605.8
1718,10728.247230514096
1719,7229.0
1720,3644.3983516483518
1721,2017.0
1722,10071.370512820513
1723,14998.712424242423
1724,14447.896007691004
1725,14466.965572908395
1726,8198.555681818183
1727,11828.514285714286
1728,17176.495000000003
1729,6806.289311263912
1730,6068.645317460317
1731,9422.533703703704
1732,2227.0
1733,13838.086350431438
1734,8902.796075690987
1735,15875.850161616163
1736,12504.45
1737,10309.882624119626
1738,16756.728417800252
1739,2754.0
1740,8794.000556746776
1741,14240.163259535495
1742,7131.265452494309
1743,14005.954166666668
1744,13824.47100340136
1745,2017.0
1746,5658.588461538462
1747,13816.094736842108
1748,5239.042494172494
1749,15237.30388589315
1750,11996.886198547214
1751,8855.404867610367
1752,8593.203037216392
1753,15104.478591994222
1754,4655.154534958337
1755,9318.840833333334
1756,13508.499610389612
1757,3166.7285714285713
1758,6014.850571895425
1759,10478.233333333334
1760,14828.927272727273
1761,6780.054954986461
1762,8090.70183638444
1763,6510.023388115953
1764,12919.541447368421
1765,7229.0
1766,4415.524012918858
1767,8923.350702094394
1768,5705.271428571428
1769,4838.761285552617
1770,9162.060712598626
1771,15406.782843137256
1772,6082.922259816207
1773,4242.16
1774,4057.2795627157657
1775,14709.218867924526
1776,5239.042494172494
1777,7322.322309181649
1778,4505.28194395334
1779,7229.0
1780,2868.575
1781,11603.449938696507
1782,7874.356829004329
1783,11506.137375065207
1784,4699.7
1785,12196.144621537884
1786,4277.721568627451
1787,6567.552222222223
1788,10728.514039039039
1789,7730.586666666667
1790,3974.790727357575
1791,4849.859803799453
1792,13911.377755917341
1793,7743.003997647125
1794,8819.1
1795,14322.809248460457
1796,4240.868036263077
1797,14734.427272727273
1798,13243.006735218107
1799,5043.676358050552
1800,2033.2
1801,4714.600116268635
1802,60219.5
1803,3331.708333333333
1804,10514.846313663325
1805,11474.55
1806,13573.648296703297
1807,9044.53240802541
1808,3552.7047619047617
1809,13961.07540848041
1810,6582.021361659383
1811,7628.597490621289
1812,12051.25134523217
1813,12085.312280701755
1814,4096.333333333333
1815,10364.315769230769
1816,12654.387552238806
1817,11739.09177448128
1818,7532.4
1819,11128.725
1820,4511.531212121212
1821,3578.7
1822,13270.634166666667
1823,4530.51304347826
1824,8057.401785714285
1825,12998.315591630591
1826,5097.7
1827,4152.713441059644
1828,5433.86101614435
1829,6677.198962730392
1830,13496.969696969696
1831,14447.896007691004
1832,5731.88345662776
1833,4383.096652783921
1834,11021.899102564104
1835,7862.410657421674
1836,13659.957142857142
1837,5277.0
1838,9803.62164835165
1839,16105.121526800373
1840,10803.392985647868
1841,8926.226284825038
1842,7488.384415584415
1843,5646.84
1844,5719.737948717949
1845,8852.078321142013
1846,16985.09
1847,13929.401764705213
1848,13774.05397990898
1849,13320.084766388845
1850,13371.80303030303
1851,11985.042363382754
1852,15448.028417800251
1853,4582.208276329046
1854,7976.65
1855,6292.233333333334
1856,3287.7720066889624
1857,2825.557142857143
1858,10042.261731919312
1859,15355.286476091282
1860,13424.183792278815
1861,24129.98
1862,5248.038528138528
1863,9896.52495460829
1864,17770.3
1865,3574.6
1866,9040.765
1867,13441.84002326457
1868,13501.65187969925
1869,6265.440571428572
1870,5433.86101614435
1871,8483.0
1872,4723.50901994631
1873,6221.981699346406
1874,4692.713043478261
1875,3978.449426702487
1876,11483.475
1877,14842.559509803925
1878,10317.219539835165
1879,15174.70471168262
1880,14260.554788970496
1881,4341.7466527839215
1882,2017.0
1883,4290.5
1884,6220.766554556554
1885,3057.3
1886,10894.649014469016
1887,2227.0
1888,12106.580134027992
1889,13726.203619396478
1890,9205.068180309685
1891,12551.705357142859
1892,11433.9
1893,10876.252005012531
1894,10306.73882744846
1895,7588.85303030303
1896,10119.611557971015
1897,13572.054906128315
1898,10853.465717072784
1899,11830.8
1900,3855.6
1901,5051.35
1902,10274.881211343212
1903,9130.450524475524
1904,14651.181684981686
1905,15151.194444209343
1906,4813.198524286988
1907,4086.8666666666672
1908,7212.839854204141
1909,2251.0
1910,29200.0
1911,13180.660634920636
1912,4204.487999999999
1913,14322.809248460457
1914,13428.623809523811
1915,5820.465939087829
1916,15318.0
1917,7156.9
1918,12545.277598843899
1919,3870.9
1920,9521.275512820514
1921,13683.62104015335
1922,5084.405882352941
1923,7807.0012065894025
1924,8364.201785714286
1925,10622.8
1926,8805.1029345522
1927,6243.108437854123
1928,4243.691486977101
1929,12195.632738095239
1930,11709.479411764707
1931,3100.0
1932,8787.450332586688
1933,6780.054954986461
1934,5725.915952380952
1935,12978.986669085638
1936,4835.643155105189
1937,9888.06932453119
1938,6936.8
1939,3810.7
1940,13204.626077034312
1941,12621.920393727432
1942,12977.641666666666
1943,10629.362229151337
1944,6711.382712796246
1945,17346.32
1946,5397.35737704918
1947,7417.74
1948,7783.550579004329
1949,7740.433003066474
1950,5496.284166666666
1951,13126.53597798161
1952,11032.026626001345
1953,8930.413968253968
1954,9314.74644117925
1955,14838.69927390758
1956,10970.199102564104
1957,14241.355246636402
1958,9564.0
1959,15124.057556561083
1960,7229.0
1961,10303.689321729022
1962,11134.117213476806
1963,5916.1
1964,4841.318515304
1965,7066.635465110067
1966,5039.7555555555555
1967,5548.384722222222
1968,12509.787552238806
1969,9362.368774703558
1970,6693.7129545454545
1971,7396.1
1972,8745.0
1973,13265.605880697116
1974,3625.5996682856444
1975,13345.208644666287
1976,5760.6019049187535
1977,4868.93541355555
1978,11226.861560150375
1979,9735.113555211557
1980,23748.5
1981,10904.587681912682
1982,4226.3354022988515
1983,13367.682063492064
1984,4372.4104166666675
1985,13908.895171406406
1986,15870.681775301873
1987,6540.38
1988,7801.801206589403
1989,7574.331746031746
1990,7229.0
1991,10064.433872679045
1992,5837.983333333333
1993,14480.123740053052
1994,8590.019297584391
1995,10448.141047041623
1996,4841.318515304
1997,10344.92
1998,4874.674021592443
1999,8944.494499479164
2000,4016.16
2001,8428.301591204789
2002,13346.53995944532
2003,5720.2
2004,3934.9061029411764
2005,4359.210826379528
2006,9834.968823456547
2007,13219.396931296538
2008,11654.17142857143
2009,10206.479580151223
2010,10262.0
2011,6521.1809523809525
2012,7874.356829004329
2013,4925.318515304
2014,6525.80119420809
2015,17150.756363636367
2016,4555.559828504828
2017,4776.150759734093
2018,10621.65370630861
2019,7739.6591493486485
2020,9254.630000000001
2021,11901.205175324674
2022,3100.0
2023,3841.0
2024,10295.215896360134
2025,4632.235475414938
2026,5705.5
2027,6566.714804497453
2028,4655.812669683259
2029,12559.037028985507
2030,4273.594169578744
2031,4687.62683438636
2032,6705.6641206709955
2033,14249.84810996742
2034,6353.421149677354
2035,4634.830685926977
2036,6220.766554556554
2037,6211.61492063492
2038,7272.972573051948
2039,11592.714713128933
2040,10258.61306654905
2041,6630.8534690887955
2042,12396.163181828491
2043,10571.151666666668
2044,13408.5
2045,7427.168541666666
2046,13821.248121027049
2047,7937.3
2048,9419.74644117925
2049,7723.4141666666665
2050,3847.011111111111
2051,3597.0
2052,7935.611787004518
2053,16736.0
2054,4796.983913168488
2055,10362.31493219478
2056,7304.230952380951
2057,11022.96286565072
2058,1965.0
2059,12624.405769783578
2060,13697.130060654139
2061,12849.4
2062,2395.0
2063,4870.6
2064,8099.6208333333325
2065,10736.982316049964
2066,8765.258232021584
2067,4387.480451738721
2068,4942.227272727273
2069,10530.773801420866
2070,7092.531638281134
2071,6533.297878787879
2072,12566.489552238807
2073,6072.513333333334
2074,4714.600116268635
2075,6972.634827709369
2076,4715.96
2077,11702.368138162266
2078,6437.331041078574
2079,7229.0
2080,9931.566705394707
2081,8996.306600530184
2082,11512.208695652174
2083,12353.74944465307
2084,7106.0
2085,17076.525
2086,13591.503083820664
2087,10839.411138768912
2088,8850.177098901098
2089,3905.9555555555553
2090,12391.97471732801
2091,5721.816521739131
2092,6542.284226190476
2093,9596.181780747502
2094,3544.504761904762
2095,10693.801645021647
2096,26890.0
2097,4646.479336349925
2098,9033.650702094394
2099,11414.857435897437
2100,10750.833626373627
2101,12476.903531794294
2102,8016.0
2103,6824.639999999999
2104,5914.2
2105,7229.0
2106,6651.434611330698
2107,4321.6785852947905
2108,2209.3
2109,9217.960000000001
2110,8690.178848658708
2111,6764.3682868418155
2112,6665.659809864044
2113,10249.923411371237
2114,9211.483333333334
2115,10340.368527753188
2116,12688.445694817992
2117,13394.825137232547
2118,4885.302965616446
2119,18081.895
2120,9198.82
2121,8704.807370261613
2122,5084.97906442577
2123,8790.361557971015
2124,4494.561320545732
2125,14838.69927390758
2126,13421.932944765878
2127,5828.501778306081
2128,7245.341144480519
2129,2850.6
2130,4822.087413555551
2131,10707.215330634277
2132,7713.675
2133,5411.366666666667
2134,4643.958823529412
2135,10805.238860776633
2136,8789.71098901099
2137,4411.926363535158
2138,5596.487948717949
2139,15689.427272727273
2140,13255.324782111598
2141,2094.12
2142,4881.5392156862745
2143,4126.232380952381
2144,10283.457624119626
2145,9205.068180309685
2146,3644.3983516483518
2147,6201.06178932179
2148,9362.726797692761
2149,8932.212178249678
2150,4170.380829422939
2151,9503.245156628493
2152,4930.85814857657
2153,2011.8
2154,9283.766666666666
2155,13969.524927946095
2156,13510.982693397504
2157,14978.0
2158,19051.517663937262
2159,7817.128571428571
2160,5723.4480632199975
2161,11003.953001548809
2162,5830.211944444445
2163,10060.982985647866
2164,11462.10105240629
2165,7874.356829004329
2166,8382.415502948837
2167,10503.134605110337
2168,7950.582958872457
2169,2132.6
2170,9423.35
2171,14971.524567806506
2172,4394.9897619047615
2173,11076.01471908594
2174,5863.69022005772
2175,13073.72821080183
2176,8839.875757575757
2177,14709.218867924526
2178,5013.1466666666665
2179,6530.021004815617
2180,4747.018737875029
2181,10159.159826839827
2182,13972.224478524444
2183,10315.614629759115
2184,6739.2326507936505
2185,10068.604675324674
2186,9923.45973894349
2187,11424.7
2188,13344.597297297296
2189,13375.530125581125
2190,6640.147703238949
2191,4213.052783882784
2192,7041.87
2193,8852.078321142013
2194,11698.210576441104
2195,20081.5975
2196,14214.960360984773
2197,3758.866071428571
2198,5486.839747212175
2199,2647.0
2200,10601.296003633777
2201,10273.45438207492
2202,13321.24
2203,11539.0
2204,12641.4
2205,6907.254761904764
2206,4033.1290162408673
2207,17169.495000000003
2208,4687.878041651443
2209,9625.80643097643
2210,3615.5
2211,10940.3
2212,12646.62888593788
2213,7345.4
2214,10282.825423027965
2215,6619.798774928774
2216,12268.270833333334
2217,3841.0
2218,6594.144463245664
2219,10817.0
2220,9492.150720686306
2221,10531.901457564281
2222,10926.904580151222
2223,10578.503315104497
2224,3847.4
2225,6573.352231443193
2226,10288.31738604361
2227,6533.297878787879
2228,7582.264151515151
2229,13642.015590909092
2230,10180.2
2231,10630.648753968253
2232,12168.79099989996
2233,4298.787352593643
2234,9029.525
2235,8796.720498890198
2236,11507.913825212665
2237,15813.417882205515
2238,3543.0
2239,6433.80533126294
2240,5661.078543123544
2241,8423.3
2242,13286.0543287635
2243,4667.479336349925
2244,2017.0
2245,10772.819611623581
2246,10041.229233511587
2247,3874.3
2248,9891.410038005473
2249,3722.3230769230768
2250,5135.446666666668
2251,12702.241657486802
2252,9142.95
2253,10674.219716599191
2254,5655.242738095238
2255,3302.1404761904764
2256,6961.799462606359
2257,14269.481192674188
2258,10586.115113905358
2259,13277.951466188571
2260,5718.463203463203
2261,15259.178918159017
2262,2007.0
2263,10319.8
2264,13210.783792278813
2265,10505.49222946545
2266,3599.8
2267,11159.75356292517
2268,7945.104329004329
2269,4226.0
2270,10339.977065087312
2271,5702.140833333333
2272,13193.45689076689
2273,14859.874618037134
2274,8251.511877194547
2275,14343.171277455107
2276,13867.376406533425
2277,4863.160869565218
2278,13199.069696969696
2279,4717.2
2280,4409.938376253727
2281,7865.375
2282,11985.042363382754
2283,7542.743019480518
2284,12294.119999999999
2285,12392.07142857143
2286,13961.07540848041
2287,3572.31
2288,8474.11056179779
2289,9178.05
2290,11665.725245520245
2291,7859.708333333334
2292,5983.663333333333
2293,11795.804456168831
2294,13620.360747626877
2295,7896.040043290044
2296,9637.796096180378
2297,7791.415448275863
2298,16888.25
2299,9654.941928779419
2300,10818.66478358243
2301,12774.128630292696
2302,8142.7972972972975
2303,7506.6
2304,11337.037099524186
2305,3590.3108695652177
2306,7763.7573169748575
2307,8948.270749190122
2308,10504.022674545482
2309,9714.787037037036
2310,9217.960000000001
2311,2683.6
2312,14457.359739695434
2313,8310.896592851594
2314,12998.0
2315,12205.857235480004
2316,4341.7466527839215
2317,3597.7
2318,6636.5666666666675
2319,6566.005513374647
2320,6890.673229136007
2321,8518.797185723712
2322,5514.580246913581
2323,12838.078754210133
2324,10367.842857142856
2325,5782.133333333333
2326,12772.696682488353
2327,26527.6
2328,13393.626149893025
2329,4125.926306146572
2330,9239.799347527472
2331,12959.237552238807
2332,13068.037552238806
2333,7163.3
2334,8683.76888888889
2335,6896.0
2336,10885.458409090908
2337,12011.090909090908
2338,3943.0
2339,15372.75
2340,9899.675169335507
2341,17282.356363636365
2342,13078.205859069292
2343,2032.8
2344,9795.65
2345,4908.08375568551
2346,11546.410059288537
2347,8561.848799933006
2348,9082.821370491092
2349,12134.016644873054
2350,10673.763076923078
2351,10262.0
2352,6443.664689437075
2353,4787.313043478261
2354,13612.767716727718
2355,10773.060305044055
2356,3866.664383561644
2357,3039.02
2358,19834.0
2359,22560.85
2360,15513.691375661376
2361,4326.512196405902
2362,10474.670976190475
2363,8970.393021996713
2364,5383.048524286988
2365,13175.92674195908
2366,12089.016338206768
2367,12683.786759980308
2368,11982.0
2369,4656.221448816293
2370,4696.285582177386
2371,5122.731540616247
2372,10283.94850301557
2373,13394.825137232547
2374,12953.148901487031
2375,7763.7573169748575
2376,9972.0
2377,6531.554284367819
2378,5615.425961538462
2379,13217.1
2380,4044.219996047431
2381,4253.713394091877
2382,3586.9
2383,5987.927647058824
2384,4237.760087001953
2385,10839.921087321087
2386,7900.217449442667
2387,2701.4464285714284
2388,13022.736439548205
2389,13363.024774547803
2390,10310.678796768956
2391,13641.125490196078
2392,10049.101795501794
2393,10849.747146712936
2394,16788.5
2395,12991.6
2396,5189.471875
2397,9338.77371794872
2398,2283.1
2399,7923.9
2400,13873.453259891929
2401,6218.806666666666
2402,12264.749429746498
2403,4723.50901994631
2404,12785.774166666666
2405,2017.0
2406,10431.59911286704
2407,12964.74103059103
2408,8996.775050322685
2409,8029.201230769232
2410,6653.644477432497
2411,3873.4
2412,8979.027625171319
2413,2111.8
2414,5777.705119047619
2415,4813.424769256211
2416,14530.442744755244
2417,4245.072674329502
2418,10992.596282317387
2419,6455.5
2420,12648.884380952382
2421,4253.805254901961
2422,14656.4
2423,5457.157878787879
2424,10940.133333333333
2425,6956.735842224138
2426,17607.5
2427,3679.6
2428,10285.898593759672
2429,10283.94850301557
2430,6782.556721449286
2431,9649.285145131123
2432,9205.068180309685
2433,10802.932258171897
2434,7193.0
2435,19558.0
2436,2933.877391304348
2437,12659.865462474263
2438,26890.0
2439,4256.307988686471
2440,12140.010714285714
2441,6207.0
2442,11439.193375336668
2443,4564.714736098389
2444,13816.094736842108
2445,8874.025
2446,3328.9800000000005
2447,3636.9800000000005
2448,7139.0
2449,6087.7
2450,8350.203565878564
2451,7963.454285714285
2452,7229.0
2453,10588.775791695056
2454,4562.244508973124
2455,15157.389083710406
2456,6384.64
2457,7874.356829004329
2458,9947.537380156075
2459,4094.6606370081586
2460,9192.075563909775
2461,7051.193451221178
2462,16126.721709401707
2463,15286.424272349273
2464,12964.127272727274
2465,4924.0
2466,9127.042857142857
2467,3654.7
2468,4933.186246867169
2469,8849.0
2470,14095.47540848041
2471,13877.98307692308
2472,8628.4
2473,12402.933333333334
2474,4462.476012918857
2475,8572.358960428659
2476,15723.0
2477,3100.0
2478,13421.932944765878
2479,9725.0
2480,11145.61923076923
2481,4919.796666666667
2482,4838.761285552617
2483,3057.3
2484,11087.65554034543
2485,7078.8
2486,13283.200218540267
2487,21044.0
2488,12392.45
2489,7814.700244933299
2490,17073.025
2491,11299.095990107755
2492,16152.8
2493,7981.451206589403
2494,12355.63883567821
2495,3873.0
2496,14452.21857142857
2497,3570.0199999999995
2498,13610.90625
2499,6971.254663761526
2500,4676.812669683259
2501,2227.0
2502,5188.1916666666675
2503,9360.879985316407
2504,3929.7238512921795
2505,2248.0
2506,6215.762857142857
2507,7991.320748956745
2508,13582.15330753471
2509,10653.923403902827
2510,9283.90947368421
2511,13492.598794336383
2512,5347.887623962762
2513,16129.987935064937
2514,3620.95348673066
2515,8790.58062495414
2516,10032.795454545454
2517,4895.993333333334
2518,6277.278997668998
2519,16406.75
2520,5959.952032520325
2521,10501.957714863729
2522,3841.0
2523,10359.9
2524,12987.753076923076
2525,6782.801620175148
2526,2311.0
2527,13690.5
2528,4204.0
2529,12252.16603131761
2530,10537.872128910562
2531,12260.526277266277
2532,3054.62
2533,9712.465217391304
2534,5668.875273328822
2535,6329.793928571428
2536,11163.713091284824
2537,11899.621609291116
2538,8132.983847137517
2539,4643.958823529412
2540,14105.348611111112
2541,6890.605268792077
2542,6443.664689437075
2543,4261.36
2544,3597.7
2545,10613.06971659919
2546,5644.885365853659
2547,9563.15154682274
2548,3644.3983516483518
2549,14776.427272727273
2550,5643.671428571428
2551,4949.43541355555
2552,7229.0
2553,13210.13689076689
2554,3650.1
2555,3108.9507692307693
2556,9879.328412698413
2557,4886.506680995475
2558,9329.290769230769
2559,2091.0
2560,10241.985525669368
2561,9965.343391812867
2562,10289.595337600183
2563,8096.378333333332
2564,16937.707312834224
2565,7229.0
2566,4548.45564062891
2567,3134.6400000000003
2568,14592.347999999998
2569,19980.2
2570,3134.6400000000003
2571,13011.83703721515
2572,4631.4627083333335
2573,8535.658232021586
2574,14652.971478099076
2575,14793.218867924526
2576,4162.850825204933
2577,10862.018755822959
2578,12722.36904761905
2579,5991.98272005772
2580,4868.93541355555
2581,30156.1
2582,12189.595867864507
2583,7220.092307692308
2584,4528.771092720775
2585,15351.311089277006
2586,15243.538461538463
2587,8225.973299595142
2588,5189.471875
2589,12864.179929902792
2590,4836.391511116527
2591,6460.808240330626
2592,12794.981258741258
2593,12530.289485735735
2594,10787.88296342008
2595,3843.666666666667
2596,5579.9800000000005
2597,4399.2533464052285
2598,14255.249197860961
2599,8232.864897222877
2600,7991.663783068783
2601,6568.0
2602,11548.77
2603,7444.111363636363
2604,9256.953175354058
2605,6904.029111488948
2606,15485.891208791212
2607,15450.821775301873
2608,4980.3484615678635
2609,2017.0
2610,3574.6
2611,9345.825
2612,17092.886363636364
2613,3813.8
2614,4256.307988686471
2615,12922.15
2616,3722.3230769230768
2617,7281.047142857143
2618,13558.691714285716
2619,8972.190608224484
2620,14322.809248460457
2621,7280.925073051947
2622,5061.713043478261
2623,8833.80652173913
2624,3839.4
2625,5949.829870129869
2626,6615.10119420809
2627,12260.526277266277
2628,7192.759696969697
2629,4784.7639849841225
2630,7182.9316480591315
2631,12139.4
2632,5080.4
2633,4628.568
2634,6285.831539846685
2635,9223.087611331892
2636,27199.4
2637,7229.0
2638,8903.016263711505
2639,10875.55
2640,4256.307988686471
2641,13970.213347763347
2642,12889.989552238807
2643,11564.370827996092
2644,10640.323017228533
2645,10365.542857142858
2646,15437.063380977013
2647,12603.687143602012
2648,6724.5
2649,3473.28
2650,11959.034636157494
2651,11645.353099879552
2652,13816.094736842108
2653,10046.225
2654,14252.028076923078
2655,7612.833035416372
2656,9953.563478578184
2657,9014.368774703558
2658,10272.331302087314
2659,13344.0
2660,9151.741666666667
2661,10963.697597254004
2662,3235.272006688963
2663,7435.6764436715075
2664,7784.033333333335
2665,1965.0
2666,9606.19091131091
2667,4961.727430555556
2668,15786.186363636365
2669,13138.341648351648
2670,7734.805673873928
